floor_number,comment,replys
1,"国内关于医疗完全私有化的议题其实有个完美的例子，不过不是给人类治病的：

宠物医院，谁消费过谁知道。

甚至与之对照的例子都有：兽医站。","['宠物医院去一趟几百到几千，不保证治好。再给你配一堆没用的药。我的花了1000多回来还是去世了，留下一堆不知道干啥的药，而且只是洗了下眼睛和耳朵。', ['我花了一万还是把我的猫送走了，猫走的时候，正难受呢，跑过来问我要不要火葬，问了三次，火葬快一千了', '一千多是不是合葬？就是好几只动物放一起烧？'], '现在又不是没有民营医疗机构，还用看宠物医院\n\n医美行业咋样，大伙心里都有数\n\n再加上医美贷，这味儿一下就上来了', ['我朋友做医美，他真研究过医美贷，想给自己的客户搞搞', '这可是真的会坑死很多刚进入社会、经济能力和经验都不足的女生的啊'], '亲身经历！8年前我捡了个猫，要打什么疫苗，名字忘了。第一针是到宠物医院打的，400，关键是小奶猫像疯了一样嚎叫，都叫出张飞的声音了，折腾了很久很久。中间几天我跟同事聊天说了这事，大家一致推荐我去防疫站打。第二针到防疫站，免费，连针头针管的钱都不需要出，兽医手艺出神入化，猫在我怀里都不知道发生了什么就打完了，全程没叫一声。具体的政策好像是每年上半年还是第二季度免费，记不清楚了，其他时间去要收几十块钱。而且那天我在防疫站还看到很多带着鸽子、鸭子来打针的哈哈哈。', ['牛马之类的要是疼到动起来可是会死人的', '所有人工饲养的禽类，除了生产特殊血清，或者出口国家不要求强制免疫的，都要强制免疫H5和H7禽流感疫苗'], '其实还真不一样，兽医站的客户基本是把动物当做赚钱的物比如这头牛就一万五你太贵了我就不看了，宠物医院很多人把动物看做“人”不计成本看病甚至死了还要花三十万克隆', ['你猜猜人医疗完全私有化了，会是哪个模式？', '医疗行业很特殊，它是信息高度不对称的，消费者的想法权重微乎其微'], '沙织你死的好惨啊！', ['黛真知子一脸黑人问号', ''], '问题是他自己生病了不去私立医院还是跑去公立医院啊', ['是啊 中国就有私立医院 户某人又不肯去', '我支持私立，是因为有钱挣，但我看病肯定首选公立啦~'], '治个宠物皮肤病要花了几千，药浴打针剃毛一条龙。', [], '哈哈哈，我朋友去了一次回来之后感叹：宠物没有医保！', ['有的，支付宝上就可以买宠物保。', '那还咋滴，还想走公共医保啊？聊胜于无，不想买就赌呗。'], '医疗完全私有化对于人类医院也是有试点的，某地级市就搞过这事，把所有公立医院都卖了，完全私有化，当时还被各大媒体赞扬，号召其他城市学习这种做法。但结果就是这个城市的当地人在当地看不起病，只能跑隔壁市看病，当地骂声不断，政府想回收几个医院也做不到，只能花钱重新修了个公立医院才让情况好了起来。', ['宿迁'], '推荐去我们江苏宿迁感受一下私立医院。', []]"
2,"别看他说什么看他做什么。

之前他有一次流感发烧，居然是立马去公立医院打吊针还刷的医保。我就知道这是个什么货色了","['户子聪明的很，你以为他是傻子，那都是装的，自己开发了独特赛道，还能赚到钱，比大部分人都赚的多，为了赚钱，还得挨骂，还不能还嘴', ['马圣户圣尼禄圣，这三位属于一个赛道的', '户子利润是最高的，马逆没什么广告费，估计只能吃ngo，还得养团队。尼禄是自愿的'], '他说的很多话他自己也不信，他说他不吃中餐不吃米饭这种主食，不吃不健康的，结果下了播搁那吃烧烤呢', ['米饭不吃 那改成ごはん或者rice 就可以吃了吧', '我说到≠我做到'], '赚钱是赚钱，被人骂只不过是代价，钱可是实实在在到手了的，可不能为了赚钱把自己都给骗了，到时候丢了命岂不是亏大了，他那么会说医院的事，到底医院好不好他会不知道？', ['钱没了可以再挣。命没了有钱也花不了啊。'], '他只是坏，又不是大春', ['那这就是坏', '不算坏。只是把互联网研究透了。豁出去了。'], '吹捧私有是工作，享受公立是生活', ['批判性享用社会主义福利待遇'], '户晨风先生批判性使用公有制医院以了解公有制缺点', [], '他说的很多话他自己也不信，他说他不吃中餐不吃米饭这种主食，不吃不健康的，结果下了播搁那吃烧烤呢', [], '命是自己的，钱是从傻子手里骗的。\n工作是工作，生活是生活。', [], '给你说吧现在的网红没傻人，都是说一套做一套的“聪明人”。', [], '冷知识公立医院科室可以私人承包的', ['至少别刷医保好歹刷个商保', '现在不准了，你去告一个死一个，不过坏别人财路说不准的']]"
3,"为什么一个中专肄业生的言论也可以成为青年意见领袖？

纯好奇？

更新，这是我现在的想法。

今天来说一下为什么“造谣一张嘴，辟谣跑断腿”
46 赞同 · 5 评论文章","['因为中专学历的不止他一个，甚至还有不少中专都不是的', ['智能路障:在想我的事', '还有函授中专，第一次知道中专还能函授'], '睿智也需要睿智代表的，这就是民主', ['艹了，解释很到位，醍醐灌饼（）'], '只要你脸皮够厚，大胆发声，总会有人把你当作“领袖”', ['这倒是，无论你有什么离谱的想法或言论，总有人会跟你的想法接近。只是他们不一定会大声说出来，表明自己立场。这个时候如果有人言论正好符合他们的心意，就会不自觉的关注他支持他，然后意见领袖就出来了。不管怎么说，他的言论背后总是代表了一部分人的想法'], '青年可能自己都不知道自己啥意见', ['这话精辟'], '因为对殖人来讲，这已经是不可触及的天花板了啊', ['你们俩啥关系？', ''], '因为高学历有本事的青年都有事干，能被他意见的青年基本都是剩下吃饱没正事干的那批 而这批实际上才是社会上的大数群体\n我虽然反精英主义，但承认包括我自己在内的绝大多数都属于平庸之辈，听我们的意见属实危害社会祸害革命', [], '也许他的这个学历在他的粉丝群里已经算高的了。', ['2020年第七次人口普查的结果', '这是最新的数据嘛？2024年《统计年鉴》里的？'], '这就是他那一派的学历代表', [], '不能吧，B站真是年轻人的地盘，户子已经和装甲大佐坐一桌了', [], '谁能给群众提供幻觉，谁就能轻易地成为他们的主人。——《乌合之众》', []]"
4,"因为户晨风是中专，他可能一辈子遇到最大的烦心事就是去挂号的时候发现看病要排队了。

如果他学历再高点，能到高中，他就该鼓吹高考是落后制度，大学应当私有化（事实上已经有非公办大学，至于学历价值以及非公办大学为什么分数永远比不上公办同档次大学，户晨风暂时还遇不到这个困难）。

如果他学历再高点，到本科，他就该发现国企央企公务员招考也是一道困难。

我是很期待户晨风能说出“公务员应当私有化”这种观点的。","['那公务员的大手不介意摸一摸他，右派公知(他不是，他是无知)有一个很大特点，就是很聪明，从不抨击具体的官僚和资本，只抨击不具体的官僚资本。', ['有没有可能就是因为他是个没用的东西，所以封不封他没什么区别', '都封几次了，屡次倒下又站起来，人家很聪明，不是无知'], '', ['性压抑了', '⭐🦆🐜'], '不许忘掉铁路私有化快给想看的观众加上', ['铁路、电信、石油、电力、高速私有化这些都是10-15年在互联网上的老话题了。', '这个他还真在微博发过。然后被封了一段时间。'], '对，像知乎上主要是学生，主要攻击的就是高考……（为防ip杠佬，声明北京工作的广西人）', ['攻击分省招生的也没啥问题，攻击应试体制的比较难绷', '知乎不太攻击高考，相反知乎的很多人恨不得以后把高考分数纹在脑门上判断社会地位。'], '首先，我想知道，公务员怎么私有化？\n东晋门阀？', ['美国不就有美联储这个私人的国家机构', '直接把绝大部分政府职能全都私有化了呗，比如说监狱'], '别急，我带着民办派出所来救户子了', ['私有化的结果就是，有钱拿的事有人管，没钱拿的没人管，但是社会很多事情做起来是不能讲究金钱回报的。比如偏远地区的铁路电力信号，鸡毛蒜皮的事情等等', '啊，你认真的?'], '户晨风的爆火真实的反映了我国的本科率只有百分之五的现实。', ['人家只是极端利已主义，又不是傻瓜。', '我有个博士生舍友喜欢看，比我小好几届'], '户晨风不是木渎中学国际部的么，和未明子一个高中', ['一个高中能出这两个卧龙凤雏也是有了', '这俩人都是你的潜在客户'], '自我之上，人人平等。自我之下，阶级分明～', [], '看少了还是，户子也支持大学私有化，所有他见过的东西他都支持私有化', []]"
5,"以前看过一个户晨风吹嘘美国消防的，大概是这么个意思。

户晨风：私有制就是好。

你看看人家洛杉矶。

就是搞私有化消防保护，那消防飞机又大又漂亮。

一旦发生火灾，分分钟就剿灭比中国强多了。","['剿灭受灾群众，将不稳定因素掐灭于萌芽', ['剿灭？直接喷洒橙剂对吧？', '大明国策，草剃流民'], '啥时候讲的啊，这嘴真是开了光了，让他多讲点', ['洛杉矶快烧完的时候说的，要预言属于想太多了', '洛杉矶山火从2015年开始就是年例，比他出名早吧'], '你说的可不是以前..这可是户子在洛杉矶大火后说的..', ['逆天到一定程度其实挺有意思..我没事就看户子切片找乐子', '是洛杉矶大火之后呀这很好找切片的'], '他什么时候把七十架波音747灭火机给补全', ['别说了别说了，上次欠的医疗船还没补呢！'], '原来飞机的经费都被他贪污了', [], '他说得很对啊，就是有一个小细节没讲：当地用水私有化了，消防队没有多少水来灭火', [], '剿灭？直接喷洒橙剂对吧？', [], '确实', [], '确实是又大又漂亮，百亿千亿富豪买来保护自己豪宅的，能不漂亮么？中国富豪就不行，都不知道买个飞机保护一下自己深山里的豪宅，也不怕被火烧了。', ['那些豪宅还不够豪，比弗利山庄那边的豪宅可还一点问题没有', '错误的，富人的他们也不保护，这次一堆好莱坞明星的豪宅也被烧了'], '看着越来越像深海了', []]"
6,"说实话，大家的论点都错了

东大还是非常开明的，在春风吹过来后，除了莆田系，东大真的开放过区域医疗全部私有化。

从2000年开始，以中国江苏省为代表的部分省市掀起了一股医疗机构私有化的浪潮，被业界视为中国医院产权制度改革的起始点。
北京有协和，我们江苏有仇和 （太伟大啦，改革先锋）

潘多拉魔盒的打开

在宿迁医疗改革开始后的5年内，全国医疗服务价格持续飚升，而宿迁官方的统计显示，宿迁的医疗服务价格不升反降。以1999年和2004年的数字作比较，市县级医院人均门诊费用由75.49元降到70.19元，下降了7.0%；乡级医院人均门诊费用由37.62元下降到27.84元，下降了26%。其他如病床日收费和出院者平均医药费都有所下降。

可现在开放初期，确实是让大家尝到了甜头，医疗费下降，屡禁不止的红包后门得到管制，医疗工作人员工资提高，此类好处不胜枚举。

但是古尔丹，代价是什么呢？

由于改革过于激进，宿迁市的公立医院几乎全部卖光，导致宿迁甚至没有市立医院。

2000年，宿迁开启了被称为“卖光医院”式的改革，全市134家医院中的133家变为民营。

与此同时，私有化也悄悄露出了他的其他面目

由于私有化太过于激进，国家管制的不足，导致以药养医的现象，不但没有消除，反而更加严重，医生倡导病人多做检查，多做手术来换取回扣，一些医院的剖腹产率甚至达到90%，医疗价格上涨，导致当地民众有些甚至跑往其他省份或市区的人民医院看病。

但确实，以宿迁自身的特殊情况，医疗改革一定程度上取得了成果，但究竟是利大于弊还是弊大于利，各地学者有不同的判断。

请看到这个回答的宿迁人，请你们发表自己的看法","['吓唬小孩子都说仇和来了', ['能止小儿夜啼', '唉，改革先锋'], '同时还推进了血浆经济的私有化，到现在血浆贸易量已经超过无偿献血量', ['血浆贸易获得的血浆只能生产血液制品，不能用于临床输血', '血浆贸易才是正常的。目前献血的量绝对不可能达到需求。基本上现在做大手术前都要求亲属献血，不然不做'], '确实是很好的私有化改革案例，但这不是我想要的“改革”', ['只有“革”是吧', '改革不会因为你想要什么就能变成什么。'], '仇到了昆明之后举报不断，与其说昆明群众觉悟高，不如说这人吃独食太厉害，地头蛇一点分润不到。', ['说是当年种的树都是指定某地拉来的', '都这样，鄙市市长黄君兴国，搞城建那地砖颜色都他亲自敲定，然后全是他们家兄弟、亲戚的建材公司接单。'], '高中班主任讲过他的同事曾教过仇和儿子，其子全身行头不低于五万块钱', ['毕竟违纪进去了'], '现在宿迁第一人民医院是投资20亿，由省人民医院建设运行，兜兜转转又回到了最初的模样？', ['应该不是费用，而是水平问题。所以省里让省人民医院和鼓楼医院各去办了一个医院，让宿迁医疗条件尽快提升。', '是啊，又回来了（是不是医疗费用的原因？）'], '宿迁人都去隔壁市的公立医院看病', ['敢去美国看私立，买了哪个等级的商保啊，保险签约了几家美国医院啊，年度免赔额多少啊，自付比例，自付限额多少啊，用的ppo方案还是hmo方案啊', '私立医院谁信啊'], '那些医院的买方一直不报道，兜兜转转，新闻学的魅力所在。对老宿迁人来说，只能接受结果，抱怨什么呢？还是感谢省里的', ['本来经济不怎样的的情况下，服从省里安排'], '我在那里工作三年，我只能说宿迁的那个人民医院就是shit，拍片开药折腾我两三百看不好一个慢性咳嗽。最后是工业园宿舍楼下的卫生所大夫给我开了两片酮替芬好的。', [], '私立没保险就是从病患里榨钱，有保险就是中产均摊，公立是制度bug，教授坐餐桌基层蹲厕所', ['他好像忘了美国被枪毙的CEO是为啥被枪毙的。', '保险又不是慈善机构，说到底 羊毛不也还是出在羊身上。 私立医院的最后目的是为了赚钱。']]"
7,"等哪天国家真的医疗私有制了，他又会转身带头狂热支持公有制了

这种人也不是墙头草，其实他们自始至终只有一个标准:反华。","['真私有制了他就说不出来了，利益集团随时能给他安排一辆全险半挂送他上路，很多人嚷嚷中国言论不自由，事实上他们能说出来恰好就是言论自由的表现，要不然老美对个账还得跑小红书来', ['波音出了两个吹哨人都被捂嘴，你觉得国内要是有类似利益集团，下限是会比波音高还是低？', ''], '在中国反华，跟反人类有什么区别？', ['因为中国政府对普通老百姓的包容度还是很高的', '外网只要反华，造谣即使很反智的都有人信，还有人回复'], '小帽一扣', ['自己老婆找了老王怪别人说你戴绿帽子', '揭你老底'], '户圣居然一年恰了46万是我一直无法理解的事情', ['人家有经费的，合法渠道刷一刷而已，不然你以为他为什么这么卖力？不就是有人拿他当枪嘛，就跟国内拿甜甜圈当电子宠物一样。也许没多大作用，但能把你舆论搅浑，能把矛盾放大。都睡国内不自由不自由，这种对换立场放x上，早特么给你封号了'], '你不理解的事情都可以扣上反华的帽子', ['是的，对政治和经济一窍不通的人就喜欢这样说话。达克效应非常明显。'], '感觉他只是为了赚钱', [], '世界上医保排名前三的台韩日都是私立为主，私立医院床位占据80%到90%，在激烈的竞争压力下，医院诊所态度好，还替老百姓省钱，他们是要做长久生意的。以医保排名第一的台湾来讲，医疗花费只占据gdp的6.1%，比大陆低。', ['讲个笑话，当初这位可是支持私有化医疗的，莆田系就是他手把手扶持的，结果呢', '国情不一样而且不是没有私有化过，试点证明真不行，花费贵没人看，最后还是去隔壁市看公立医院再就是一堆私立医院骚操作，男科医院上手术台加价过度医疗'], '精辟', [], '那请问支持风控和不支持的到底谁才繁华呢', [], '泥头车居合问你怕不怕。。', []]"
8,"我当年也拥护过私有化，

县里把闹市区一大片公有门脸房卖掉后，建设了私有门脸房。

原来六十平米年租2000，

二十年时间干到20万。

这里面有太多因素让大家接受地价了。

大家也默认这种地段就是20万六十平。

可现在有个问题，当年政府卖地没卖完，还剩了个菜市场。

年租也涨了不少，六十平1万。

私人业主组了个委员会，天天转发什么官不与民争利，支持私有化。

终于，开发商把菜市场也拆了。

现在那个地方买菜都比别的地方贵50%

反正我是没见过真正私有化后，穷人能受益的。","['电视剧在私有平台放映后，广告都没了，我在优衣库爱奇迹看电影电视从来没见过广告，因为我是vvvvvvvvvvvvip', ['哈哈哈，要不给你加个狗头', '他的意思是，看盗版资源。'], '这是资本家要求政府不与资本家争利？', ['对啊，要不为啥有人鼓吹私有化。', '广铁被喷成什么样了。合理怀疑不是纯就是坏'], '总想着私有化后资本会良性竞争，实际上只有兼并兼并兼并垄断', ['神神总觉的自己能当终产者\n学法律的总觉的能掌握世间裁决\n学艺术的总觉的自己能掌握喉舌\n学金融的总觉的自己是索罗斯', '是啊，资本家又不傻，掌握核心资源的就那么几家，为什么要互相残杀？而不是默契合作，吃垄断红利，一起发财不好吗？甚至不需要勾结，大家有一定默契就好。\n\n这不就是最普遍的第三世界的现状，也没看到那些第三世界国家的老百姓生活有多么的幸福啊？这些人是瞎吗？'], '南方系：食盐私有化后质优价低\n南方系：涨价几毛就斤斤计较一辈子没出息', [], '资本家最喜欢说不与民争利，250以为民是自己，结果自己是资本家的利。', ['对，马云才是与民争利的民，这里的民可不是指普通人。此民非彼民。', '马云也是民，普通人有啥利值得政府争。'], '穷人花得多了，有的人可就赚得爽咯', [], '记住一点，从古至今（除了极少数时间）这个“民”都不包括穷人。', [], '如果你是一个平凡的普通人，公有制是对你最大的保护。', ['任何时候，任何制度，90%的人都是普通人'], '私有化就是合法占有国有资产，毕竟没私有化的时候，至少还有反贪污嘛', [], '穷人没有思考能力，必须是真实体验了自己想要的环境，才能明白自己选的是什么', []]"
9,"装甲尼禄和户晨风都是中专肄业啊。

户晨风的主要收入就是直播，目前看年收入大概在50万不到，48万左右。

他们的思想如果不极端，根本没有收视率。

不极端的中专生很多啊，也没有关注度。","['关于学历我看到最具攻击性的就是他比常熟阿诺学历都低', ['阿诺好歹是民办大专毕业\n这两个是民办函授中专肆业', '哈哈哈，说得对'], '我去，神神的钱这么好赚吗？', ['没有共振，只有臭味相投', '只能是中国人确实多。那个小领域知名度上去都有钱。\n而且越是这些极端思想，共振起来越是冲动。'], 'B站三天两头给我推荐它的直播，最后不得不拉黑终于安静了，阿姨给的这个推荐力度想不赚都难', ['难道阿姨喜欢这一款？也难怪，阿姨的学历我查过', '网上一搜就有'], '说明审核漏洞很大。', [], '户晨风先生的英语水平很好啊', [], '李铑师也是。', [], '户晨风不是木渎中学国际部的吗？', ['自抬身价的一个方法，就是把自己做的事说的无比重要。'], '诉诸动机', [], '尼禄这学历咋进的唯品会', [], '中专也就能收割中专以下了，尊重命运吧', []]"
10,热知识，户子学历不如常熟阿诺,"['户子有可能支持公有制，但户子支持公有制不太可能', ['户圣头型也尖尖的', '咋就不支持了，看病去公有制的医院看'], '阿诺最起码之扎药霍霍自己，户子的主张要是施行是真霍霍所有人', ['就诺哥这为医学献身的精神，噶了解剖之后高低能发几篇一区', '某种意义上应该研究研究阿诺为啥猛打药都不死，欧美那帮人不到三十岁就没了，阿诺现在还活蹦乱跳呢'], '你的学历怎么尖尖的', ['你的学历怎么湿湿的暖暖的', '我超尖锐湿疣啊'], '好渴啊，我去喝杯水', ['（拿来一根黄瓜）', '这个不是黄瓜，这个是冬瓜'], '公立医院，和私立的相比之下，宠物医院更适合它', ['热知识，国内大部分宠物医院就是私立的，所以才会出现狗看病比人贵的情况。', '热知识，基层有公办的动物防疫站，只是没多少人愿意去'], '那我问你', [], '可爱捏', [], '比得过范小勤就行了', [], '有点辱常熟阿诺了', [], '常熟阿诺的学历其实也是中专，而不是大专', ['三加二吧，估计常熟职教中心出来的。他初中的学校可不算差哦重点初中', '常熟阿诺是中专毕业，户子应该跟他一样']]"
11,昨晚刚好刷到户子直播，说现代文化已经很高级了，传统文化就该抛弃，下面一堆人在骂他，户子想了成语弃若敝履，半天只说了个履，前面的三个字想不起来，还用错了地方。就这么个玩意在互联网上全凭脸皮厚。,"['热知识，健美阿诺的学历比户子高。', ['阿诺大专毕业，户圣高中没念完', '阿诺还当过辅警呢，要不是扫黄给小姐通风报信估计就一直干下去了'], '看得出来确实抛弃了', ['我超，撸出', '不玩撸看电棍？'], '我以为唱反调至少要像韩寒、易中天这类人，文化素质过得去，现在户子都可以了。', ['这是新赛道。'], '他是不是想说敝帚自珍？', [], '弃如敝履搞不好还是看吕严的小品学的', ['你意思是他连相声都听不懂？'], '你是要笑死我', [], '抛弃传统文化也是鲁迅的看法，鲁迅还支持汉字拉丁化', ['鲁迅批判的是传统文化的糟粕。', '很明显你是以自己的主观臆测代替了客观事实'], '爱国赛道太拥挤没油水捞，只能反着来打造一个特色产业，每个月捞个五六万，七八万的，也不错了。一年入账小100个w，干个七八年甚至十年衣食无忧了。至于医院私有公有，说真的不关心，这个是赚钱的话题，工具。', [], '说起来我最早认识户晨风还是他用简单数学题拷打擦边女主播', ['有没有可能 现在的00后擦边女主播学历都比户子高', '这活最早好像是药酱开始玩的'], '他不是汉族吧', ['长的确实不像汉族']]"
12,"补充维生素C，可以喝水溶C100，可以买十块钱一瓶的维生素C片，也可以买几十上百块的复合维生素小熊软糖孩子爱吃版调味糖果

一般会攻击维生素片营养单一缺乏其他必须元素的都是糖果厂的软广","['维生素C两块钱一瓶，可能还没那个瓶子贵', ['比瓶子还是贵的，没有挂号费贵是真的', '那瓶子中国产可能几分钱一个'], '即便是进口的柯克兰也只要118一瓶，五百粒，每粒1000毫克维C，药店的大牌子维C泡腾片28块钱一管，太侮辱我的智商了。', ['东北制药，一瓶100粒，不足一块钱', '维生素c能增价的地方只有两个，一是释缓，二是脂溶性'], '你们都不吃水果吗\n\n一天吃一个苹果，啥维生素能缺啊？\n\n不比吃药好吃吗', ['如果是japan的话，那估计确实是贵的…', '贵'], '不用10块一瓶吧。。', ['确实不用，19.5三瓶', '东北制药维C，15块7瓶，每瓶100片'], '10块钱有点贵，前几年我在药店角落里找到买了一瓶，2块钱还是3块钱的', ['这是药房必须配备的基本药物，没有可以向当地卫健委举报', '很多药方问就告诉我没有'], '国产医用VC，两块钱一瓶，疫情前是一块钱一瓶。我一天六粒。', ['维C片吸收不了也不会对身体造成太大的负担的', '稍微多吃一点，然后你就可以根据小便颜色来调整吃多少了'], '也有可能是药店的', [], '答案是就算没有那个倒霉软糖美国人也不卖你1.5一瓶的医用维生素b片，我的维b是nature made牌子的，我记得那瓶10刀以上', [], '维生素片还想要啥元素 要想吃的全 不如吃善存', [], '软糖还真是刚需，对经济宽裕点的人来说，效果一样的情况下怎么舒服怎么来，对于国情来说，在国内你看病想舒服，公立是不可能的，所以私立也是有生态位的。', []]"
13,为了流量，他自己生病去的公立医院就医的,"['东大有综合性私立医院吗，他不去公立综合医院难道等死', ['莆田系私立医院那么多，哪怕再不会用互联网搜索，到各地火车站转一圈也能找到广告', '莆田医院不能去吗？国内又不是没有私有化医院，目前来看都是坑蒙拐骗'], '你去百度搜一下，不都是私立医院？', ['公立医院需要投放广告吗？', '喜欢私立医院可以去莆田系啊，保管舒服'], '去的起吗，国内的收入跟消费成正比吗？他直播收入已经秒杀大多数人了，但他还是去不起', ['他收入6万美元 ，也超过美国中位数了，怎么付不起？', '去不起就不该去呗，私有化什么时候有保证每个人都去得起这一条标准了？'], '有啊，大医院没国际部？', ['私立三甲也挺多的，几乎每个大城市都有的。']]"
14,"之前看切片，有人直播对线问他私立医院治病贵的时候。这货冒出一句，“我又不去私立医院看医生，我看公立的”

你们不会真信他说的那些吧，但凡多看他跟别人对线不是把人家麦ban了，要么就是滚刀肉。真出什么事这货身体可太老实了。","['户子很多话是为了流量而唱反调', ['所以是坏'], '目田头子只是坏，又不是大春。被他骗的目田才是', [], '私有化是工作，国有化是生活', [], '前几天他又说不去医院，选择自愈。', [], '其实这就像中医教授有病也看西医', ['你应该说这就像一边恨国一边黏着不走', '中医调理比较好。西医看急病比较好。 很多老年病西医看不好。'], '因为他没去过私立医院，觉得私立医院也很便宜。他属于自作聪明的那种', [], '神神也要有自己的翟山鹰！', [], '和马督工很像，他倡导什么至少明面上是自己认为对社会有益，自己愿意在这个设想的社会中。而不是现在就开始按设想生活\n\n以私立医院为例，推广私立医院后，充分竞争各取所需，公立医院降低了无谓浪费，整个社会是有益的\n而现在公立医院地位高设备技术好，无可动摇，私立医院泥沙俱下，当前一般人当然是得去公立医院\n\n社会化抚养，前提是要有设想中的措施，而不是现在啥都没有就把孩子扔出去\n\n说白了，你这种人还是从道理上说不动，从人上来批，这个人有问题，所以说的东西都不可信，问题在于并存在“完美的人”', [], '户子这人聪明，能爆金币他就说', []]"
15,"某种程度上我还是感谢户子给我打破信息茧房。

我本来以为在这个阶段，让公立医院成为主力医疗机构已经是社会共识了。结果户子直接让我见识到了人类智商的下限","['你看 你的评论区一堆支持私有化的不又打破你的信息茧房了 你还得谢他两次呢', [], '我劝你先搜一搜DRG和三明经验，再回头想想这是不是“共识”', ['我劝你站在普通人角度想一想为什么去公立医院看病是社会共识。\n\n\n\n\n以我自己为例，一看到医疗私有化就能想起“莆田系”，“抗疫期间使不动的私立医院”，“早年宿迁私有化医改”，还有“众多资本主义国家那不额外交钱就排期排到痊愈或晚期”的种种见闻\n\n\n\n\n那我肯定就会想着自己身为14亿人中的非权贵者到底需要一个什么样的制度才能防止看病难看病贵\n\n\n\n\n至于什么DRG和三明经验，先不说这到底是不是在逐渐推进私有化改革，但即便大多数普通人明白其中内容，估计也不会打破普通人的共识——公立医院看病更放心', '我劝你实地调研一下，而不是在网上拿着几个新闻虚空“共识”。'], '谁跟你社会共识了？', ['我啊，怎么\n所以想问在你和你的亲属生病了都是去公立医院还是去私立专科医院？', '我啊，怎么\n所以想问在你和你的亲属生病了都是去公立医院还是去私立专科医院？'], '如果一个医疗服务需要100元，你在私立医院购买是普遍都是100左右，有的110有的90，但是在公立医院你却只花了30元，不会独立思考不会逻辑推理的人肯定会大加赞赏公立医院。会独立思考的人这时候就会提出疑问为什么公立的只要30呢？这样不会亏本吗？如果会亏本，那他为啥还能运行下去呢？接着查找资料，哦，原来有来自征服的补贴，那征服的补贴是来自哪里呢？查资料，哦，来自税收。那税收来自哪里呢？很显然，来自千千万万个你我他劳动者，那假如我缴纳了100元用作医疗的税，这中间经过各种政府部门和医院之手后还能100%的用作到服务上吗？如果减去中间这些环节，实现私有化，少交税，你觉得会不会更好呢？', ['谁能高效利用税款，不然灯塔国也不会整出螺丝500美元一颗的事情了，放眼人类未来50年都不可能，现在的公立方案明显优于私立，支持私立的基本都是坏比', '开头就乐了。你需要的医疗服务花费100，你在私立医院购买普遍会给你推1000的服务'], '谁跟你共识？左派才是公有，右派就是私有。我支持私有化。', ['我跟他有共识，怎么了？\n支持私有化那就多去莆田医院，都不能身体力行，光靠嘴上喊啊？', '我跟他有共识，怎么了？\n支持私有化那就多去莆田医院，都不能身体力行，光靠嘴上喊啊？'], '支持私有的，去香港体验一年半载就行了，一群享受国家医疗兜底在那哔哔哔', [], '你去日本或者美国看看病不就知道了，前提是有医保', ['美国的医保没问题会有路易吉出来啊', '太对了哥 那联合健康保险公司首席执行官汤普森是怎么死的？'], '知乎的自由派连社民都要反对，他们想回到维多利亚时代，这帮人连地主都歌颂。', []]"
16,所有鼓吹医疗私有化的，我就问一个问题：我不管生什么病，都敢只去公立医院，你们敢不管什么病，都只去私立医院吗？,[]
17,"因为他已经这样了

那能咋办呢？

顺从。","['立顿的茶叶?，他这应该是在讽刺吧，真的有这种人吗', ['这句话就不对，立顿的茶没有叶，那是碎渣', '茶包不是茶叶原叶做的，还能是什么做的？清明谷雨快到了，新茶陆陆续续地在上市，喝点好的 对自己好点'], '艹，立顿这种东西只有出国了才会碰一点，国内这玩意都不如东方树叶', ['东方树叶算是国内速食茶饮类挺好的品牌了', '东方树叶的茶叶品质不错了好不好。'], '户子只是老糊涂了瞎说话罢了，毕竟相当于人类200多岁了', ['户子站着怕是没有坐着高', '牛逼'], '喝什么不好要和茶叶沫子的边角料', ['沏壶高哒', '呲壶高的'], '我们工地上挖出来的黄土泡点水都比立顿的茶包好喝', ['有一说一，泥土的味道真不错，小时候可爱嚼了', '你这是缺乏微量元素'], '他的名言还有一句，“加州是地中海气候，冬季温和多雨，所以气候干燥，会容易产生火灾”。', ['也不算全错，毕竟加州有那么大，像洛杉矶圣迭戈这种就是典型的地中海气候，旧金山旧就是典型的温带海洋性气候了', '它是把加州当成南半球的了吧，：不然怎么这么诺言诺语的。不过阿诺学历真的比户子高。'], '我廉价的咖啡因和茶多酚摄取全靠立顿', ['买立顿的那些钱，你可以买品质好很多的茶。', '立顿的茶还不如所谓的“高沫”，好听点叫“茶芯”，张一元和吴裕泰这两家的茶芯，你去买半斤试试？\n价格大约六十半斤，立顿茶包一般两克一包，也就是能喝一百二十次，两毛一泡，这茶芯你要是一次捻一小撮，也应该是差不多的价格（淘宝上有所谓的茶包袋，几块钱一百个，正好）。'], '那不如喝白水', [], '立顿我也喝，好喝肯定不是，优点就是“它是个茶包”', ['前两天有个论文还是什么，说茶包是微塑料的一个来源，微塑料在你身体的各个角落积累，包括大脑，已经不是优点了', '嗯？不是纸？危害啥的不算了解，但茶包最直观的优点就是方便………现在我泡茶就是买茶袋自己装了，稍微麻烦点，但胜在便宜'], '我看过他的观点，就因为立顿的配料表最“干净”，所以他觉得只有立顿能喝', ['很遗憾茶包的材料没有写进配料包，开水一冲全是塑料微粒']]"
18,"为了流量。

拍视频的户晨风和直播的户晨风你可以看成是两个人。

视频中的户晨风是一个非常温情，比较踏实，比较接地气的形象，他一般都是采访普通老百姓，介绍百姓生活。

然后直播的时候，往往比较偏激，一般聊的议题都是什么医疗教育自由化，反中医，反文言文等等本身就非常有争议的问题。

你想想这个套路，户晨风是和谁学的？

户晨风就是小峰哥吗，风格和峰哥不一样，但是套路是一模一样的啊。

所以他支持什么观点压根就不重要，他就是为了有争议，有争议就有流量，有了流量就能赚钱。

他每个月都会公布自己的收入的，你看他的收入组成，大头就是直播。

所以，他就是为了赚钱而已。","['都是划拉钱的人设，峰哥说过户子私下是一名非常谦卑的人。', ['所以我真的佩服这样的人，说的话做的事能够背反自己的真实认知和性格，我这样做我会精神内耗和分裂的，他为啥能够这样游刃有余。', '户子一年赚了50万，这就是游刃有余的代价。'], '简单来说大头鹰这种就是吃白流量，户晨风吃黑流量，赚钱方式不同', ['影响差多了但是说话都比较激进'], '9月8日，商务部、国家卫生健康委、国家药监局发布关于在医疗领域开展扩大开放试点工作的通知，其中提到，拟允许在北京、天津、上海、南京、苏州、福州、广州、深圳和海南全岛设立外商独资医院（中医类除外，不含并购公立医院）。设立外商独资医院的具体条件、要求和程序等将另行通知。 我国拟允许在广州等地设立外商独资医院\n\n我国拟允许在广州等地设立外商独资医院 - 广州市人民政府门户网站', ['这两码事，你自己去看户晨风的言论，他的观点是觉得医疗都得私有化，私立医院要占主导地位。反对他观点的人也不是反对私有化和私立医院，而是反而全面私有化。\n\n所以你说的这个和户晨风的观点就没啥关系。', '你没懂户子的观点，他让你把原来的公立医院都转私有。私有的本来就有，户子想把所有医院私有而已。\n但稍微读了点书，也知道，欧美他也有公立医院'], '给他刷礼物的，都是境外的，人家想听啥，他就说啥呗', ['准确来说是想去境外去不了的'], '户子赚钱违法吗。', ['人家私人公司就是想封谁就封谁，户圣不是最支持私有化的么', '肯定不违法啊，但是现在不知道违了什么，暂时赚不到钱了。'], '那你知不知道有些钱是不能赚的？', ['不知道，国家现在没有管他，让他月月赚个几万块钱，说明这些钱是可以赚的。\n\n我不知道你为什么要反对国家。', '户晨风被平台封，国家现在没有管平台，让他月月挣0块钱，说明这些钱是不可以赚的。\n我不知道你为什么要反对国家'], '《温情》', ['不用讽刺，这类人这种行为反而证明了他们的割裂，他们一方面装出悲天悯人的模样，然而提出的方案却是为了制造更多的贫穷，好让他们能够一直悲天悯人。他们认为市场化就能让那些他们悲天悯人的对象过的更好，但从农村出来的人都知道这有多离谱', '我不觉得很多人都有得东西是廉价的，真善美也是很多老百姓得底色，难道这些也是廉价的？\n是你的吗价值观出了问题吧？'], '但是这种言论目前在这么紧张的社会居然没有被相关部门封杀或者起诉我是完全不理解的……', ['小事情而已，属于添乱的言论，不影响基本盘，他弄的那个物价购买力才是大问题。', '小丑而已 不值当 封过一次视频反而火了'], '他是反对汉化', [], '有一说一，公布收入是他不算多的闪光点之一了', ['是啊，最起码他不逃税。', '狠狠鞭尸四🐴南']]"
19,"你不能指望一个学历连常熟阿诺都赶不上的人能整出啥惊天动地的想法吧

一开始我还以为户子是为了赚钱，没想到是真情流露啊","['真情流露的赚钱', [], '他就是为了赚钱啊，那些观点就是为了流量', [], '天津开了首家外资三甲医院，户子和他的家人一定要去那儿看病。', []]"
20,喜欢私有化，来宿迁啊，满城私有化有人去看病吗。,"['我有朋友是宿迁的，也有其他几个朋友住在沭阳，他们表示现在家人生病都带去淮安看病，不去宿迁医院', ['宿迁人看病不可能去淮安，沭阳人去淮安看病纯粹是对宿迁这个城市不认可，还有离淮安近', '我知道宿迁有很多人去徐州看病'], '仇和一路拉屎从江苏拉到昆明', ['求和在你们云南又做了什么好事', '你猜猜昆明那么多烂尾楼是咋来的'], '那不得好好聊聊改革先锋 仇和 仇书记了', [], '这个问题户晨风说过\n宿迁2000年卖掉了市人民医院，这个案例成为批判私有化的有力证据，然而很少提到当年的买家是金陵药业（南京市属国企）\n收购宿迁公立医院的大股东是金陵制药（国企），二股东是宿迁交投（国企），三股东是南京鼓楼医院（事业单位）。\n金陵制药是新工集团的下级公司，新工集团有且只有两个股东，分别是南京国资委和江苏财政厅。', ['医院私有制主要是医院运营完全市场化，私营完全控股和公私合营都是。所以和国企控不控股没关系', '咋的给马云马化腾控股会更好吗']]"
21,因为户晨风先生和死侍先生一样自愈能力强,"['愿病魔早日战胜户晨风🙏🙏🙏', ['还是好人多啊'], '你的脉有回音', ['给你挂了', '笑坏我了'], 'byd躺得还挺安详', [], '户犬它妈疫情时期阳了，被它拉到公立医院治疗还被人拍了照', [], '有康复的风险吗？', ['已经去公立医院就医了'], '这家伙被封的时候和一个B站的UP连线 当时没露脸 但是声音就是他，我听了听 我感觉他的意思就是 UP就是表演 就是工作 实际他不傻，直播就是他的工作', [], '看看下面的评论区，有惊喜', [], '别的不说，户子总标榜自己饮食作息\n有多健康，结果每隔几个月就得进一次医院', ['他直播都到夜里十二点吧，然后就得一点睡觉，大晚上演激情戏，能健康吗'], '哎，可惜康复了', [], '那为啥不做一期私人医院？', []]"
22,"他能一边暴击底层人民一边从底层人民身上割韭菜做到年46万，你能吗？

他最出圈那个视频在我乎能把我下巴都惊掉。可成为史诗级互联网大脑短路大共振。

“只要拒绝厨师的劳动，我们一餐饭可以很便宜。”

“以什么为参照?”

“以厨师的收入。”

那下面成吨的打赏和叫好，那些是啥级别的韭菜啊?参天造化露都养不出觉悟这么高的韭菜啊。

他居然只鼓吹医院私有化，真是良心呐。我看他喊着把能源产业卖给美国都会有大把大把的人跟着支持。

还有同期跟着喊什么，医院私有化了，看病就免费了的。能把人看笑了。","['希望鼓吹私有化的都是户这样的，怕的就是那种阴戳戳的搞事的', [], '户圣自己感冒都要往公立医院跑', [], '户子和尼禄的结晶粉都是经典，和他们聊一句话你就想赶快走，不想多说一句', [], '有时候我就很感觉魔幻，我觉得这些人就是哗众取宠的小丑，结果人家一个个赚的盆满钵满。显得我像个小丑🤡', ['挣得多并不影响他是🤡', '并不多，户已经是这个赛道的top级别的了，结果一年才46w。你再看大头鹰七哥他们，不是一个数量级的'], '私有化和看病免费是怎么联系起来的？私有化以后资本家不赚钱了吗？', [], '14亿人，万分之一的傻子也有14万', ['你要知道 根据我国国家统计局的数据 初中及以下学历占总人口的比例接近70%'], '傻子太多，骗子都不够用，更何况户子这种人', ['你要知道 根据我国国家统计局的数据 初中及以下学历占总人口的比例接近70%'], '能被个中专给收割了，也不是啥有脑子的人，尊重命运吧', []]"
23,你让他生病了去莆田医院看看，别说一套做一套,"['他还是去公立医院，还给自己辩护得冠冕堂皇呢', [], '结果感冒进去，贷款割了包皮', [], '户子到莆田医院看头疼，结果蛋蛋被噶了，然后背上两百万贷款！', [], '莆田医院就是你老爷们的白手套', ['原来我们都是老爷了', '这时候又不是老爷了']]"
24,"我上小学的时候，所谓意见领袖是THU秦老师还有魏W老爷子，两个人都是各自领域的最知名人物，其作品不是进了中学教科书，就是成为社科类研究生必读书目，而且两个人都不仅用笔批判涩会，还曾经成功以物理手段，批判过他们眼里的，阻碍涩会发展的毒瘤。魏老爷子也算以身作则，实践了孟子那三句话，“富贵不能淫、贫贱不能移、威武不能屈”，至今看来，也是新旧交替的20世纪里面，旧式知识分子和新式学人的最后二重奏了。

我上初中的时候，所谓意见领袖是P大余总，余总是科班出身，成都市高考文科前十，我当年有幸借阅过“fire and ice’这本书，不得不说余总的行文技法确实是顶级的，当年写作文的时候，如果直接复用余总的几本文集里面的用词，都是可以依靠文学性拿更高分的。彼时彼刻就算是“历史畅销书”，那明朝那些事儿都被认为是接近小人书的通俗读本，彼时彼刻的“历史畅销书”指的是唐德刚的作品，“历史三峡论”也并不完全是畅销书作家炮制的通俗模因，作为历史范式来研究也是有一定价值的。

我上高中的时候，所谓意见领袖是韩寒，虽然他的粉丝都吹韩寒的小说，但韩寒那本“可爱的洪水猛兽”我是真读不下去，全篇都在喷网易，喷的还很没有章法，不过不管如何，人家最后也可能感觉到自己不适合做意见领袖，所以转行去做赛车手了，也没有因为后续发言翻车。

我上大学的时候，老一代GZ的头目基本上已经谢幕了，剩下的是去中心化的一堆水平二流的GZ在一起自嗨，但彼时彼刻看张宏杰、雪珥、龙YT的书，虽然价值内核也一般，但多少也算是逻辑闭环，自称体系，都算得上是合格畅销书作家。龙YT的野火集虽然写的有些情绪化，但人家写的最知名的作品，那本“the great river and ocean”可算是对得起她的咖位了。

我读研的时候，所谓意见领袖，是督工，bobo，LD，卡子哥，嵩县，本科不低于985，人均有资格走H1B那条路，这里面学历最低的是澳洲卡子哥，问题是人家卡哥也是有澳洲护理学硕士的文凭的，至少人家所有的assignment是用英语写的，虽然这些人已经很难独立写出畅销书了，但是逻辑输出和个人能力都算是不错的。

现在的意见领袖这一行是什么情况？泛神阵营里面，户子，高中毕业即工作；丁一多，身份都拿到了结果第二天就犯案进去了；甜甜圈，精神病患者；徐裤子，认为人类文明进步全靠上帝。

正能量阵营：独夫之心，高考23分还出了本书，书的内容是如何治理好全球；潮妈，二本毕业，最大话术是所有非技术移民那欧米身份的都是1450，然后她自己就是通过嫁给意大利人来拿身份的；七哥，没学历，之前据说是开出租车的；比这些人还low，还能在DY持续输出暴论的，还有很多。

人在米国，英语都不会说的润人 VS 应试教育下高考数学考不出50分（全国卷）的粉红，这就是如今的网络jz自媒体圈的情况。

真的难以想象这种现象背后的抽象内核，这种节目效果大概是这样的：

我小时候想，有一天能上访谈节目，嘉宾是余总，我这如何和其对谈陀思妥耶夫斯基的作品，还有像小山词这些非常偏门的文学知识；

后来，我想，要是访谈嘉宾是韩寒，在一起做节目批判应试教育，感觉我批判深度不够；

再后来，我想，嘉宾要是龙女士，我和她对谈近代史里面的“离散社区与价值碎片”，这估计也只能跟着她的话头，颅内找近代史的考研知识点，再复述一些“眷村与邓丽君”的历史故事，勉强解释一下。

最后，我打开演播室的门，户子在里面坐着，手里面拿着一把钞票等着我了。。","['这就是科技进步，传播领域的不断扩大，让原先不能发声的人群都能上网了，并且发现自己不是少数，当然在中国某个细分领域也有几十万时，几百万人。另外，上网模式的改变在塑造着上网人群的思维方式，在2g之前大部分以文字交流为主，这就能形成一定的门槛，3g之后长短视频为主，软件愈发简单，推荐机制则以自己为主，而且故意塑造敌人，形成一个个小团体。', ['还有传播主体的变化，由集中向分散化发展', '不是不是少数，实际上就是少数而且是极少数，只不过网络可以制造自嗨小黑屋罢了，像户子这样的，有个几千人支持就已经算声音大了。这也是去中心化的坏处，没有真正有声量有分量的意见领袖，更没人把下层当回事了'], '换个方向看，以前的意见领袖的目标是换个一官半职，“学成文武艺，卖与帝王家”；现在的意见领导目标比较单纯，sc、舰长、带货、个人咨询，只要钱到位，什么样的姿势他都行。', [], '正能量阵营:自干五长脸（自述年轻时也是神神，润去日本读了硕和博，亲身体验后开始当自干五，现回国当大学教师）。\n波士顿圆脸（博士，自述受长脸视频的影响出来做视频）。\n至于更专业的VV，陈皮，神逸那不用多说了吧。还有很多学者分享自己的研究和见解，只不过都有一定门槛，听起来比较枯燥，没那种“正能量唠嗑”的自媒体那么火而已。', ['这么说的话反对阵营其实也有不少水平不错在自己的体系里有理有据有逻辑的人，但是他们都得不到最多的流量和关注度就是了', '你可以自行补充啊又没人阻止你'], '科技下沉的必然啊，现在美国也是一群MAGA把东西海岸的精英们气得要死', ['那是他们活该，搞愚民教育和教育产业化，学费涨得比房贷还快，自作自受。', '所谓的精英接受着清一色的意识形态教育，失去了感知现实的能力，整日沉迷制造各种女权lgbt动保环保议题，就别怪maga们揭竿起义嘛。'], '95后理想社会的幻灭，还是全球性的哟', [], '这才是比较优解的情况，什么阶层的人都能说话才算正常社会的基础，而且这就像罗翔跟峰哥同时面对孤烟暮蝉一样，罗翔可能不会去对线，这种事情确实只能让峰哥去做', ['什么阶层的人都能说话才算正常社会的基础，如果能这样自然是好事，遗憾的是目前是孤烟暮蝉，周带鱼可以说话，而且可以说错话，而劳东燕，秦晖反而不能说话，要说话只能请自己去墙外说', '所以要鼓励峰哥跟户晨风等人去建立实现去中心化的表达，不能什么都指望劳东燕去表达'], '恭喜你发现了历史真相，所有团体一旦开始衰落就会变成逆淘汰机制', ['你的意思是社会平均水平是高中函授', '高估了，你搜搜第七次人口普查 人口受教育情况'], '科技进步。原先不能发声的人群慢慢的都进入网络了。那种“拜精英社区”只能自己在小圈子里玩了。毕竟大伙在乎的主要是情绪不是水平', [], '谁让自由派网民们沉迷解构，觉得解构能战胜一切呢', [], '意见领袖最吸引人的压根不是知识，而是鼓动情绪的流氓特性。在城市化与互联网的时代，（碎片化）知识是世界上最不缺的东西。在人们充分发声的背景下，筛选出来的就会是最能鼓动情绪的人。而在互联网不普及前，上网得拥有相当的门槛，所以抽奖池子小、筛选的不一定是最能鼓动情绪的。', []]"
25,"户子受限于他的姿势水平，说的一切话都是基于他自己的体验。比如说，在中国铁路排队久了他就批判国有铁路，在日本铁路买天价车票他就会批判私有铁路。在德国被德铁坑了那他骂德铁我举双手支持。

你看他的视频总有一种不被知识污染的感觉，太纯了，所有观点都是基于自己的认知，绝对不说一句自己认知外的东西。一旦有不符合他心意他就只会嘴硬破防抬杠三件套。

当然我不是完全否认他这个人，有的时候来几个他这种杠精总比一片唱赞歌强得多。

最好的办法就是把他的理论当成杨帆的文蛮理论，我喜欢的就是文明，我不喜欢的就是野蛮，有一种沦落的美。","['转载请注明户人13，，，', ['户持，，，'], '鉴定为被广铁抢少了', [], '说傻话的傻子总比想办法坑你的骗子强。就是有些人挺纯的，不是信傻子就是信骗子，不是信地上天国就是信这国怎', [], '户持，，，', [], '感谢创圣开源，，，', [], '不愧是酒杯大人', [], '原来如此，，，', [], '创', [], '这个直播间早说过了高铁不是必需品啊，商务人士才是必须。貌似户子没说什么国内铁路排队………论补贴当年jnr补贴才是最狠的，窟窿补到现在都没补上你以为日本“天价”怎么来的？还不是当年基建狂魔把铁路修到村村通', [], '你别把他当成平等交流的对象，别把他当成人就行。要学会把他当成素材', []]"
26,"我小时候，意见领袖起码都得是个韩寒。

现在这都是什么鬼......","['现在都是卷下沉市场了', ['川普都卷下沉市场喝消毒水了你能指望啥'], '以前是先出作品再当意见领袖 现在是先当意见领袖再看能不能出作品', [], '舆论大咖都被斗得不敢说话了，怪谁？', ['不会是在阴阳尼禄老师吧', '乐，之前在网上说爱国都得被网暴的时候，咋想不起来言论自由了'], '当年没有舆论炒作，冒出来的都是靠实打实的作品。现在这群玩意有什么作品，全是靠热点炒作冒出来的。', [], '科技平权', [], '老一代不是闭嘴就是跑了', [], '聪明人现在还敢出声的，很明显那还是不够聪明。我愿称为聪明人悖论', [], '250太多，网络普及化', [], '我作为80后可觉得户子比韩寒可好太多了', ['户子连基本逻辑都不自洽，还是算了', '那你确实是他的受众'], '因为网络的普及，没有文化的人也能一呼百应，也能挥洒看法，这实际上才是真正的社会', []]"
27,"户晨风他支持两点私有制医疗和全民免费医疗。

他这种做法的主要目的是筛选出“正常”人，能同时接受这两个观点的才是他合格的粉丝。",[]
28,他抄流量收割神友都赚疯了，在挣个几年，可不缺上私立医院的钱,"['人家有事都是去的公立医院 你真以为他支持私立？工作生活人家分的很开好不好', [], '真不缺吗私立医院的能力可是上不封顶的', [], '纠正一下，真神友可瞧不上他，给他打钱的应该被称呼为口友或者👍友', []]"
29,就塞里斯这样的私有化以后不也是那些二代和资本家的和你一个全聚德的鸭子有什么关系。,"['德国的私有化其实也是这样，只不过某些人压根儿就不认识汉斯专员，也不可能知道他们的老祖宗名字里带不带冯😅', ['得了吧，还是冬天冻死的少了'], '哪里不是这样，我请问了？', ['波兰的休克疗法是为了给俄罗斯打样忽悠俄罗斯的，美欧给了大量援助，而且只能说没治死！然后轮到俄罗斯，关键时候不给援助，且集体催债，直接崩了', '波兰的休克疗法只能说是没给治死，而且本身波兰就没什么基础 ，只能称得上正常发展罢了'], '户的收入最大头是直播打赏，核心产品就是意识形态认同输出', ['专专相惜'], '总有人觉得放开限制自己就能巧取豪夺，话说，哪里不只是这样？', [], '即使如此，私有化(改革开放）后经济依然开始开始腾飞。', [], '想必私有化的美国，一定是个人人不用为医疗发愁的天堂', ['养活古巴医疗产业', '美国人自己都骂美国医疗']]"
30,"我讲个笑话，我一直是反对直接发钱的，但是我昨天在一个贴子下面支持发钱发券了。不到十分钟就被删除了。

有的饭，他们不光要吃，还只有他们能吃，你要帮着一起喊，人家还嫌弃你。

就说这次地震，私人医生会和你上高原？

会用手去废墟里给你挖人？

警察平时态度再差，有案子那是真上。

私家花园的保安，又帅又客气，遇到强盗跑得比谁都快。","['新冠来袭，公立医院党员带头医生护士顶在前线，看看香港私立医院，辞职的辞职，溜号的溜号，主打一个自由保命莫害我', ['当时我在武汉，私立医院直接说发热门诊装修。', '难不成就你私立医院惜命，公立的难道不惜命嘛？公立的责任感和使命感在那里摆着，我当时身边看到的是很多没编制的公立医院医护人员都冲在前面了，私立的就猛缩头，不懂是自己怕还是医院老板要求的'], '记住：现在是你今生能享受到最好的医疗服务时代，医疗私有化不可逆的拉开神秘的序幕了，你还不知道。', ['宿迁搞的医院私有化案例不是摆着吗？结果就很多人看病特别贵，当地民众苦不堪言。然后宿迁政府就想把医院买回来，你猜医院老板愿不愿意卖 卖的话价格要翻多少倍最后宿迁政府直接盖了家新公立医院。这还是基建，重新招募大夫护士，招来的大夫护士需要时间培养到独当一面又需要多少年，花多少钱？这个过程浪费了多少纳税人的钱，耽误了多少人的病情，怎么不见你不禁要问呢', '宿迁的案例：卖出去1元，100万都买不回来，更别说多年的口碑。\n\n就放别的案例：爱X眼科医院、X牙牙科医院、xx生殖中心成立，你看公立医院同科室还有人么，近一点的癌症（肿瘤）专科（试验性治疗）治疗诊所都开遍了全国，你不知道而已，一个疗程价格贵死人，公立医院知道有这个技术，但是不会给你用，想活久点得加钱。'], '', [], '问题是国家一直走货币宽松政策，还不如直接发钱收买人心', [], '这事我真觉得不是个事，真的有事了一声令下敢不去一个试试。子弹硬还是最硬', ['那你私有化干嘛呢']]"
31,"一个年收入46万元的自媒体从业者，

确实具备了支持私有制医疗的初步物质条件。

等到他的年收入涨到了66或者86甚至106万元，

我相信他的支持力度会更大。","['除非一人吃饱全家不饿，否则这个级别离合适私有化医疗的水平远着呢...', [], '他自己都去的公立医院', ['谁说的，好医院有国际部，不影响', '他去的成都，成都有七家三甲私立医院。。。'], '好奇他报税没', ['报了啊，还说这是不可抗力', '好像有自媒体退税政策 我看别人说的\n\n个税退税10962收入到账，打工娃实力又强大了，吃顿好的犒劳自己_哔哩哔哩_bilibili'], '越穷越应该支持私有化。', [], '自媒体基本上也就赚五年钱，他这个赛道更白搭，搞不好哪天就给封了，离私立医疗的标准远着呢', []]"
32,"因为户子对自己洗粉割韭菜的能力非常有自信。

他觉得在医疗全面私有化之前，自己能捞到足够的钱去看私立医院。

毕竟我国目前的人口，高中及以下学历占80%，连3.2万亿华裔科学家在为美国效力这种离谱的谣言都有那么多人信。

而户子的粉丝们，到时候混的有没有讲师好，可就不一定了。","['难绷的是他看病也去公立医保报销', [], '全面私有化效果怎样，研究下宿迁不就知道了。', [], '其实很多这样的神神和大殖子，知道他们嚷嚷在国家眼里就是屁，影响不到国家政策，更影响不到他们自己生活。他们就想装装逼，在网上发泄一下不满。连润人都不愿意当，要是老中真按照美国对付底层的方法来，他们马上跳出来反对。', []]"
