floor_number,comment,replys
1,一个人如果连对弱者的同情心都没有了，那还算是人嘛？,[]
4,不知道你有没有看到过那个事件，男人在外面打工，每月转妻子8k，可是妻子拿着钱在外面开房、买车，最后钱和车全给了女人，我们都很同情他,"['看过啊，是有同情，但就还好，因为我认为生命才是最重要的，钱是次要的，就像大家都会同情残疾人一样', '说实话，人如果死了，或者伤残了，我要钱还有什么用？自己经历过生离死别的人，最能明白那种感受', '回复 Mi随风 :？？？ldx你在反串吗', '回复 Mi随风 :“但就还好”回家让你爹看看你的话', '回复 杜兰特不要绝杀我！ :我父亲就是已经去世了', '回复 贴吧用户_GCa44JZ :我对钱没那么看重，有什么问题嘛？骗钱的人是坏，但再坏也坏不过杀人的', '回复 Mi随风 :', '回复 Mi随风 :回复 Mi随风  :你说要具体到什么十日，如果在层主的这件事上你不纯纯龟男吗', '回复 贴吧用户_GCa44JZ :我没说不同情啊，只是相比于经济上的伤害的，我会更同情被伤害身体的', '回复 Mi随风 :？？？在层主的这个事件里有说有人受伤吗']"
9,那咋了,"['没有同情心的人我觉得都不算是人', '回复 Mi随风 :你猜猜为什么会有那咋了这个', '哈哈哈', '回复 Mi随风 :女性可以不被定义，人也可以不被定义哈，算个人又能怎么样', '回复 Mi随风 :ylg，你是不是觉得“鼠鼠”真是什么装萌可爱的词，孙吧讲米线真搞笑', '没绷住', '哈哈哈哈哈哈江西xxn担心以后收不到彩礼了', '回复 Mi随风 :都TM来孙吧了，你在这里装上圣人了？装牛魔呢，你该不会觉得孙吧是什么大雅之堂吧？这里就是互联网男厕，难道你觉得厕所不是恶臭的还能是香的？', '回复 Mi随风 :那咋了', '回复 Mi随风 :我不要你觉得我要我觉得']"
12,现在这环境 炒作伪造的太多了 你能保证你维护的就是“正义”？说实话我能尽的最大善意就是只观望不站队,"['我能看到的是受害者还在挨骂', '回复 Mi随风 :那你保护她去啊，我们都观望了，你还让我们发表意见干嘛？', '回复 一个大娃娃 :我这不就是在保护？', '回复 Mi随风 :。。。。。。口头的支持只会让我觉得你在煽动，你不会觉得在网络上声张一下就算支持了吧？', '回复 Mi随风 :那她为什么挨骂？大同事件我看官方还只看到男性犯罪呢', '回复 Mi随风 :人家缺钱，你给人家捐点比在这和8u哔哔赖赖强多了，说白了你也就是口嗨，满足自己的圣母心，官方结论出来之前，你当啥上帝在这审判，现在的情况大家心里都清楚，回旋镖罢了', '回复 zzzgggzzzxxjjs :官方结论已经出来了，不会搜嘛', '回复 一个大娃娃 :那不行', '3', '回复 一个大娃娃 :']"
13,管好自己，真是欧阳没了偏旁,[]
14,因为弱者只会抽刀向更弱者，,"['放屁，我只会同情弱者，欺凌弱小的人就和校园霸凌的人一样，就是恶人', '回复 Mi随风 :你是这样的但整个社会不是和你一样的', '回复 Mi随风 :有些事情是很复杂的，远远没有表面上看上去那么简单，而互联网拉近了网民之间的距离，在获取信息快速的同时也必然导致不能完整的看到事情的原貌，尤其近几年不乏出现一些有反转的事，在这种情况下，网民如何保证自己做的事是对的呢？', '回复 Mi随风 :这个啊，只会同情弱者这一块那有没有可能弱者另一面是施暴者，那该同情谁可好呢', '回复 Mi随风 :乱世就是要先嘎你这种圣母婊', '回复 丨凛丨 :鱼我所欲也', '回复 丨凛丨 :', '回复 Mi随风 :我比较好奇你咋看胖猫？', '回复 一代的和平 :同情与无法理解，当时我是看得很气愤的，如果只是单纯的被骗钱，我不会很生气，也不会很同情，因为这年头专门的诈骗犯也那么多，但人死了是无法挽回的，钱可以挽回，只要人活着一切都有希望，但人死了是无法挽回的，经历过生离死别就明白了', '回复 一代的和平 :爱情不是生活的全部，爱别人更要爱自己']"
15,那咋了,['收点利息罢了，以前单方面挨揍的时候可没那么多理中客']
16,不知道我只想+3,[]
18,那咋了,[]
19,希腊奶,[]
21,那咋了,[]
24,不信,[]
28,强者就是要羞辱弱者的,"['确定吗？说出这句话就意味着你在未来的某一日被强者欺压＝活该', '回复 朔夜無月以觀星 :我会变得比他们更强的', '算你是个狠人', '惹啊，龙哥就是龙！']"
30,同情尼玛,[]
34,那咋了，自己弱不会找自己的原因？说的好听叫同情，难听点就是施舍,"['呼而与之行道之人弗受蹴而与之乞人不屑也，人是有尊严的', '你们读书都读狗肚子里去了吧，如果不保护弱者，你早被上位者剥削成奴隶了', '回复 Mi随风 :高中没毕业吧？出来上几年班就理解了', '回复 一个大娃娃 :我30多岁了', '回复 一个大娃娃 :我上班都上了10几年了', '回复 Mi随风 :那不奇怪了，估计女权那边的事情你也不关心，这件事情的那个高赞帖，很多评论都是复制女权的评论', '回复 Mi随风 :他们现在一样在剥削啊', '回复 Mi随风 :30几了还这么幼稚阿姨', '回复 Mi随风 :弱者也分人，让人可恨、受伦理道德大众唾弃，自己作孽的弱者遭遇都是自己导致的别人没必要同情，如果出来作秀博取同情也别怪他人的谩骂，自作孽。', '回复 雾黩 :你还能上网，如果是从林法则你还能不能活着都是问题']"
35,何必，大势势不可挡,[]
36,什么是弱者,"['比自己惨的人', 'lz说的好，我比你惨我吃不上饭了快v我50吃个饭，我想看看你的同情心', '回复 搞什么孙鬼 :我不信', '回复 搞什么孙鬼 :你要是化化妆去装残疾人要饭，我是会给你捐点的，但要装的像，反正我是给过不少，那种不像的我是不会给的']"
37,啊，游戏领域大神,[]
38,我们有救了,[]
40,楼主玩原神的,[]
41,那咋了,[]
43,不要对牛弹琴，没有用,"['理中客又来喽', '回复 沙包大的指甲 :现身说法', '回复 沙包大的指甲 :来点有攻击力的', '那边有个老人摔了，你扶一下', '回复 拉玛有机坊 :好的']"
45,那咋啦,[]
46,"以下是对该案例的详细介绍：
被告人齐某（女）与被害人朱某（男）系夫妻关系。2022年11月7日晚11时许，二人因离婚一事发生争执。齐某在家中厨房用电饭煲内胆盛装食用油，放在液化气灶上炼油，炼好后端至二楼朱某睡的卧室里，趁朱某睡着之际，将电饭煲内胆中的热油泼到朱某身上，致其严重烧烫伤。
后朱某报警并被民警送至医院救治，齐某被公安机关抓获归案。经鉴定，朱某的损伤程度达重伤二级。
经鹰潭市余江区人民法院主持调解离婚，齐某同意将其夫妻共同所有的两处房屋均归朱某所有。被害人朱某对被告人表示谅解并出具谅解书，同时，申明放弃对齐某提起刑事附带民事诉讼的权利。
鹰潭市余江区人民法院经审理认为，被告人齐某将热油泼到被害人身上，故意伤害他人身体，致人重伤二级，其行为已构成故意伤害罪，判处有期徒刑三年九个月。","['这为什么要谅解，这为什么要放弃刑事诉讼，这个是真龟', '回复 Mi随风 :这个时候说\uf422了，为什么不嘛施暴者呢，*****的', '回复 Mi随风 :为啥不说女的啊？双标你木呢', '回复 豪哥666汤哥 :对啊，我是不理解为什么要放过施暴者啊，你看这次的案件，2024年7月14日，恩施市人民法院开庭审理此案。经调解，覃家答应赔偿约50万元，希望小陈出具谅解书，被她和家人拒绝。', '回复 我是神9527 :我肯定是同情才会说为什么要放过施暴者啊，真的不理解，这次的案子别人就没谅解，2024年7月14日，恩施市人民法院开庭审理此案。经调解，覃家答应赔偿约50万元，希望小陈出具谅解书，被她和家人拒绝。', '回复 Mi随风 :你也没说女的啊', '回复 我是神9527 :这女的肯定是恶人啊，我这帖子也没说施暴者这男的啊，我说的是没有同情心', '回复 Mi随风 :🗡️婢', '回复 Mi随风 :男的受害者第一句话就是骂受害者，现在受害者是女的了又来说不要骂受害者？']"
49,少在那偷换概念，同情密码的弱者，同情的前提是与他人能共情，这种玩弄他人感情自己作死的的人我们正常人是共情不了的，难道你也是这种人么这么同情她？,"['别人怎么玩弄别人感情了？你又知道了？', 'ldx滚', '回复 Mi随风 :好家伙，那你倒是给一个逻辑自洽的说辞啊', '回复 Mi随风 :你又知道别人没有玩弄了？你拿出证据证明一下啊？冲击波', '支持！反驳的司马', '回复 Mi随风 :我还有好多弟弟呢，还不是呢？非要同时和上千人搞才算是么？别密码串了']"
50,同情有个p用，自己先过好自己的生活再说吧,[]
51,那我问你，你会同情一个没有同情心的人吗？,['有同情心也不会同情我只会同情我想同情的']
52,烧饼楼主11级了还勾八水,[]
53,谁说没有同情心，我非常同情这个男孩子。究竟经历了什么才会豁出自己的半辈子,[]
54,哥们同情心泛滥捐款去，别沉迷打键盘了,['他同情心个屁，上面发了个男性受害者，他第一句就是骂那个男受害者。现在受害者是女的了，又来假装有同情心']
56,希腊奶,[]
57,被盗号了？,[]
58,不多说，你自己心里有判断是死圣母还是同情心的标准就行了,[]
59,就是因为同情22年被妻子泼热油还被网暴的丈夫以及同罪量刑却相差甚远才会做各种各样的事情 各种不公的事情都值得同情，这次也一样 女人不会同情男人，如果男人也不同情男人，那被女人欺压的男人们且不是太过可怜了,"['跟他说的同情弱者不冲突啊。你说的内容里男性不才是弱者吗？', '回复 天灾记录者 :这次事件被网暴的女生就是为了22年的事件背锅啊', '回复 天灾记录者 :就是不冲突啊 她说男人没同情心 我这不给她举出男人有同情心的例子吗', '回复 天灾记录者 :你去看上面楼层，有人发了这个案例。然后他就骂那个男受害者龟了，这叫同情弱者？']"
60,孰强孰弱,[]
61,那咋了,[]
62,那咋了不服就衮出去，呆这给大伙当乐子看,[]
63,那咋了？带带就要没有米线，有米线做什么🐭人,['好久没听到“带带”“鼠人”这俩词了']
64,ip性别正确,[]
65,是这样的，我一直觉得鬼灭之刃里面的半天狗很可怜,[]
66,＋3,[]
67,强者就是要羞辱弱者，这样弱者才会变成强者,[]
70,别光说不做,[]
71,谁是弱者？先搞清楚,[]
72,同情谁,[]
74,来自官方的认可，你还有什么要说的,"['这种官方没被停职开除?', '母鸡啊，你去问问它们', '回复 贴吧用户_Q6XMRC2 :完全是在传播错误的价值观，很显然这条微博被删了', '']"
76,那咋了,[]
78,关我弔事,[]
80,你有没有味 小慧君 蛋糕店 地铁偷拍案 的受害者发过声,"['只知道地铁偷拍案，这种XXN就是很S B啊', '回复 Mi随风 :你既然知道有xxn这种人，那么以其人之道还治其人之身有什么问题吗，女的泼男的时候评论区什么样你不知道吗？只允许女的不同情一下男的，不允许男的不同情一下女的，这不是双标吗？会有现在这种情况不就是一帮xxn自找的吗？', '回复 阿羽Yuu :人要有同情心，攻击受害者就是错的，我违背不了我的良心', '回复 Mi随风 :请你为这几件事去单独发贴来证明自己的同情不带偏心目的', '回复 I.lusion :这事不需要我发帖啊，大家都是骂的，我也是骂的，别人都已经帮我把帖发了']"
81,希腊奶,[]
82,这里是孙吧，对吧。,[]
83,不分对错，还同情？你DNA传下来的都是激素吗？,"['这个被害者有什么错？', '回复 Mi随风 :你分得清被害者吗？', '回复 曾有半身风骨 :那女的已经重度烧伤了', '回复 Mi随风 :是吗，那太棒了', '回复 Mi随风 :天生简笔的cmg难道没错', '回复 Mi随风 :你帖子里有发内容吗？这么会阉割，太监生的吗？']"
84,我从来不敢自认正义，因为我任何时候都不确定我是对的,['确实是这样']
85,孙吧米线抗吧三棺了解一下，什么幻觉让你觉得孙吧有米线的,[]
86,同情要对着具体的人，不是所以人都同情，要求广泛的同情不是道德绑架?,"['难道你认为这次这个被泼汽油的女的错了？', '回复 Mi随风 :跟我没关系', '回复 Mi随风 :对错与我何干？油泼面加油！', '回复 Mi随风 :关我们屁事']"
87,世界上有各种身体不健康的家庭不幸福的各种弱势群体，不如你把你有他没有的东西你给点，我就信你,[]
91,网络世界，在这说同情，你如果有同情心的话就应该不选择不占队，就像小慧君那事，同情她？是不是助纣为虐,[]
92,我是恶魔，我不会忏悔,['毕竟，强者生来就是要羞辱弱者的']
93,希腊奶,[]
94,***谁啊,[]
95,你机巴谁啊,[]
96,现在黄牌就这样,[]
98,希腊奶,[]
99,3,[]
101,同情弱者不同情**,[]
102,同情弱者不同情弱秩,[]
103,那咋啦,[]
104,那咋了,[]
105,那些黄牌最没同情心了，我就不会,"['硕鼠！', '太老了']"
108,我只站在对的一方，不站在弱的一方,"['既然你站在对一方，难道你认为这次这个被泼汽油的女的错了？', '回复 Mi随风 :我说了，我只站在对的一方，不站弱的一方，因为弱并不一定站理，相信每一个三观正常的人都能明辨善恶是非，所以我说自己站在对的一方有毛病吗？', '回复 Mi随风 :这个女的是无缘无故被泼汽油了吗？有没有前因？', '回复 贴吧用户_0aR7a9D :10·19恩施女子被前男友泼汽油烧伤事件 百度百科可以搜到前因后果', '回复 贴吧用户_0aR7a9D :真的很可怜的', '回复 贴吧用户_0aR7a9D :[url]https://baijiahao.baidu.com/s?id=1830035375295280092&wfr=spider&for=pc [/url] 还有这篇可以看一下', '回复 Mi随风 :我说了，我只站在对的一方，你不需要在这安利我，如果男方在道德上一点站不住，那他死有余辜。我表达的很清楚了，我这个人只分对错，不论强弱。']"
109,在网上叫你🐎呢,[]
110,那咋了,[]
112,同意,[]
113,你装你m呢？,[]
115,要看具体,[]
116,来点彩礼压压惊先,[]
117,byd挺善良说是，随便啰，你能接受自己的同情心被利用，事后还觉得没关系就行,[]
118,3,[]
119,弱者才会同情,[]
122,同情你要感谢，不同情就受着,[]
123,我很惨，给我捐点,"['你要是缺胳膊少腿眼瞎耳聋之类的然后去街上要饭，我是会给你捐的', '回复 古槐北路 :这次这个重度烧伤不惨嘛？结果很多人不仅不同情还恶语相向，实在看不下去', '回复 Mi随风 :男的要真罪大恶极不舆论早就爆了自己看点所谓的前因后果就同情上了，我独善其身都做不到，怎么去兼济天下']"
125,做为一个1级萌新，我发誓，等我水到10级就洗心革面重新做人，不要告诉我多少级了，我看得见,[]
126,她们可以这样，我们也可以这样，反正动动手指的事,[]
127,为什么现在才出来当理中客？要不然一直不吭声要不然就一开始就站队，女的犯事从轻处罚，一堆🧠不行的把锅推给男性的时候你在哪？现在出来职责大伙没同情心？你还问大伙算是人吗？你是人吗？,[]
128,3,[]
129,来错地方了，这起因是之前还有一篇男的被女的倒热油的新闻，小仙女在冷嘲热讽。这篇算回礼吧。你要去上一篇提倡这个也被喷。做个旁观者就行,[]
130,3,[]
131,你指的是哪件事？,[]
132,你v50同情我一下,[]
133,现在大多数人在网络上说话太肆无忌惮了，他们长期处在这种环境，本身的三观也发生歪化，对弱者的同情也被认为是不分青红皂白的同情。低学历永远不可怕，可怕的是低素质,[]
134,我只同情值得同情的人，对于有些弱者我只能说活该好似,[]
135,同情和歧视只隔了一张纸，所以与其同情，不如给自己的生活添点乐趣，毕竟大家日子都不好过，谁来同情我们，反正我没底线,[]
136,那咋了,[]
138,3,[]
141,性别正确,[]
143,你能在这发贴还能被大多数人回复就已经说明大家对弱zhe是多么同情了。,[]
144,"罪有应得

点击展开，查看完整图片",[]
145,那咋了？你这么有善心到是把积蓄都捐给它啊,[]
146,那咋了,[]
147,楼主大**,[]
148,我不会同情🐢🐢🐢🐢🐢🐢🐢🐢🐢🐢🐢，连自己都不可怜自己，不配别人可怜,[]
149,3,[]
150,你的道德只能约束你自己，当你想约束别人的时候就已经输了,[]
152,那咋了，还有ldx先给我爆点金币,[]
153,破案了lz还玩源神,[]
154,3,[]
155,谁来同情我们呢,[]
156,我去同情他，谁来同情我,[]
157,3,[]
158,受不了了,[]
159,不管了3,[]
160,这是现在的时代风向，日本当年也是这么过来的，原子化社会必然会出现的社会现象，我能明白你是正常人，也理解你有同情心，但我给你的建议是保持沉默，xxn都知道不打逆风局不参合这事，你这种两边都不讨好的更别下水掺和了,[]
161,给爷爷扣帽子呢是吧,[]
162,你这家伙是来这里刷分的吧,[]
163,"具体问题具体分析
对着虚空妄下定论不好评价",[]
167,3333,[]
168,3,[]
169,333,[]
170,3,[]
171,那咋了,[]
172,怪你自己没用,[]
173,3,[]
174,3,[]
175,那咋啦,[]
180,3,[]
182,我只同情对自己有利的部分,[]
183,ip正确，性别正确,[]
184,那咋了,[]
186,那咋了,[]
187,突然明市里不确定连棒子不瞧的突然有变动，后面看的文章有反复但战线大进应该是真，晚上睡前突然不确定搜一些东西,"['搜寻具体的证据碧绿开始', '至少不至于烦闹', '觉得好危险受不住的样子', '不是我操心的事', '可能我看到的好的事的细节也少了，战线不骗人']"
190,所以，怎么了,[]
191,叽里呱啦说什么，我上网是来当皇帝的我想做什么就做什么,[]
192,为什么要纠结当不当人，是不是都无所谓吧,[]
193,不赖,[]
194,谁是弱者，你怎么连事都不说啊我无脑站男，谁敢围剿男的我直接脚刹它,[]
195,啊啊啊啊啊啊啊啊啊啊啊啊啊啊啊啊啊啊啊啊啊啊啊啊啊啊啊啊啊啊啊啊啊啊啊啊啊啊啊啊啊啊啊啊啊啊啊啊啊啊啊啊啊啊啊啊啊啊啊啊啊啊啊啊啊啊啊啊啊啊啊啊啊啊啊啊啊啊啊啊啊啊啊啊啊啊啊啊啊啊啊啊啊啊啊啊啊啊啊啊啊啊啊啊啊啊啊啊啊啊啊啊啊啊啊啊啊啊啊啊啊啊啊啊啊啊啊啊啊啊啊啊啊啊啊啊啊啊啊啊啊啊啊啊啊啊啊啊啊啊啊啊啊啊啊啊啊啊啊啊啊啊啊啊啊啊啊啊啊啊啊啊啊啊啊啊啊啊啊啊啊啊啊啊啊啊啊啊啊啊啊啊啊啊啊啊啊啊啊啊啊啊啊啊啊啊啊啊啊啊啊啊啊啊啊啊啊啊啊啊啊啊啊啊啊啊啊啊啊啊啊啊啊啊啊啊啊啊啊啊啊啊啊啊啊啊啊啊啊啊啊啊啊啊啊啊啊啊啊啊啊啊啊啊啊啊啊啊啊啊啊啊啊啊啊啊啊啊啊啊啊啊啊啊啊啊啊啊啊啊啊啊啊啊啊啊啊啊啊啊啊啊啊啊啊啊啊啊啊啊啊啊啊啊啊啊啊啊啊啊啊啊啊啊啊啊啊啊啊啊啊啊啊啊啊啊啊啊啊啊啊啊啊啊啊啊啊啊啊啊啊啊啊啊啊啊啊啊啊啊啊啊啊啊啊啊啊啊啊啊啊啊啊啊啊啊啊啊啊啊啊啊啊啊啊啊啊啊啊啊啊啊啊啊啊啊啊啊啊啊啊啊啊啊啊啊啊啊啊啊啊啊啊啊啊啊啊啊啊啊啊啊啊啊啊啊啊啊啊啊啊啊啊啊啊啊啊啊啊啊啊啊啊啊啊啊啊啊啊啊啊啊啊啊啊啊啊啊啊啊啊啊啊啊啊啊啊啊啊啊啊啊啊啊啊啊啊啊啊啊啊啊啊啊啊啊啊啊啊啊啊啊啊啊啊啊啊啊啊啊啊啊啊啊啊啊啊啊啊啊啊啊啊啊啊啊啊啊啊啊啊啊啊啊啊啊啊啊啊啊啊啊啊啊啊啊啊啊啊啊啊啊啊啊啊啊啊啊啊啊啊啊啊啊啊啊啊啊啊啊啊啊啊啊啊啊啊啊啊啊啊啊啊啊啊啊啊啊啊啊啊啊啊啊啊啊啊啊啊啊啊啊啊啊啊啊啊啊啊啊啊啊啊啊啊啊啊啊啊啊啊啊啊啊啊啊啊啊啊啊啊啊啊啊啊啊啊啊啊啊啊啊啊啊啊啊啊啊啊啊啊啊啊啊啊啊啊啊啊啊啊啊啊啊啊啊啊啊啊啊啊啊啊啊啊啊啊啊啊啊啊啊啊啊啊啊啊啊啊啊啊啊啊啊啊啊啊啊啊啊啊啊啊啊啊啊啊啊啊啊啊啊啊啊啊啊啊啊啊啊啊啊啊啊啊啊啊啊啊啊啊啊啊啊啊啊啊啊啊啊啊啊啊啊啊啊啊啊啊啊啊啊啊啊啊啊啊啊啊啊啊啊啊啊啊啊啊啊啊啊啊啊啊啊啊啊啊啊啊啊啊啊啊啊啊啊啊啊啊啊啊啊啊啊啊啊啊啊啊啊啊啊啊啊啊啊啊啊啊啊啊啊啊啊啊啊啊啊啊啊啊啊啊啊啊啊啊啊啊啊啊啊啊啊啊啊啊啊啊啊啊啊啊啊啊啊啊啊啊啊啊啊啊啊啊啊啊啊啊啊啊啊啊啊啊啊啊啊啊啊啊啊啊啊啊啊啊啊啊啊啊啊啊啊啊啊啊啊啊啊啊啊啊啊啊啊啊啊啊啊啊啊啊啊啊啊啊啊啊啊啊啊啊啊啊啊啊啊啊啊啊啊啊啊啊啊啊啊啊啊啊啊啊啊啊啊啊啊啊啊啊啊啊啊啊啊啊啊啊啊啊啊啊啊啊啊啊啊啊啊啊啊啊啊啊啊啊啊啊啊啊啊啊啊啊啊啊啊啊啊啊啊啊啊啊啊啊啊啊啊啊啊啊啊啊啊啊啊啊啊啊啊啊啊啊啊啊啊啊啊啊啊啊啊啊啊啊啊啊啊啊啊啊啊啊啊啊啊啊啊啊啊啊啊啊啊啊啊啊啊啊啊啊啊啊啊啊啊啊啊啊啊啊啊啊啊啊啊啊啊啊啊啊啊啊啊啊啊啊啊啊啊啊啊啊啊啊啊啊啊啊啊啊啊啊啊啊啊啊啊啊啊啊啊啊啊啊啊啊啊啊啊啊啊啊啊啊啊啊啊啊啊啊啊啊啊啊啊啊啊啊啊啊啊啊啊啊啊啊啊啊啊啊啊啊啊啊啊啊啊啊啊啊啊啊啊啊啊啊啊啊啊啊啊啊啊啊啊啊啊啊啊啊啊啊啊啊啊啊啊啊啊啊啊啊啊啊啊啊啊啊啊啊啊啊啊啊啊啊啊啊啊啊啊啊啊啊啊啊啊啊啊啊啊啊啊啊啊啊啊啊啊啊啊啊啊啊啊啊啊啊啊啊啊啊啊啊啊啊啊啊啊啊啊啊啊啊啊啊啊啊啊啊啊啊啊啊啊啊啊啊啊啊啊啊啊啊啊啊啊啊啊啊啊啊啊啊啊啊啊啊啊啊啊啊啊啊啊啊啊啊啊啊啊啊啊啊啊啊啊啊啊啊啊啊啊啊啊啊啊啊啊啊啊啊啊啊啊啊啊啊啊啊啊啊啊啊啊啊啊啊啊啊啊啊啊啊啊啊啊啊啊啊啊啊啊啊啊啊啊啊啊啊啊啊啊啊啊啊啊啊啊啊啊啊啊啊啊啊啊啊啊啊啊啊啊啊啊啊啊啊啊啊啊啊啊啊啊啊啊啊啊啊啊啊啊啊啊啊啊啊啊啊啊啊啊啊啊啊啊啊啊啊啊啊啊啊啊啊啊啊啊啊啊啊啊啊啊啊啊啊啊啊啊啊啊啊啊啊啊啊啊啊啊啊啊啊啊啊啊啊啊啊啊啊啊啊啊啊啊啊啊啊啊啊啊啊啊啊啊啊啊啊啊啊啊啊啊啊啊啊啊啊啊啊啊啊,[]
196,我不知道，+3,[]
197,本来有一肚子话想发，但是看到ip我释然了，这地方就活该出龟,[]
198,你不会以为吧里的是什么好东曦吧,[]
199,强者就是要狠狠的羞辱弱者,[]
200,那咋了,[]
201,看到《游戏领域大神》，明朗了,[]
202,谁来同情我？,[]
206,滚出孙吧,[]
208,😅带友有同情心？大伙只想看效果罢了,[]
209,3,[]
210,哈？,[]
211,事不关己高高挂起，现在是冷漠的时代，是的你没听错，冷漠,[]
212,那我问你 你会去同情一个不同情你的吗？😅,[]
214,3,[]
216,你说的对，但是我领2万退休金，我都懒得看一眼农村老光棍,[]
217,是的,[]
218,希腊奶,[]
219,3,[]
222,3,[]
223,又开始了?,[]
224,同情牛魔,[]
226,。,[]
227,希腊奶,[]
229,前因后果？无论强弱其作为都不能违背道德良俗。,[]
230,3,[]
232,我是来拉屎的，不是来给你同情心的。自己去小红书领俩鞭子,[]
233,3,[]
234,同样的话你去微博小红书对集美们发过没有，这时候想起来到孙吧踩刹车了,[]
235,那咋啦！,[]
236,ldx欠调教了是吧,[]
239,孙吧什么时候是以三观正出名的 跟风多罢了,[]
240,同情弱者，谁是弱者？弱者又有谁来界定,[]
242,那咋了,[]
243,乱世先杀圣母婊,[]
244,又是这种没有营养帖子，屏蔽了,[]
245,我只同情天灾下的生灵，人祸跟我没关系，水滴筹，轻松筹我捐了不少了，一次一次消费我的善良,[]
246,说明自己已经是强者了,[]
248,"天呐，劳斯泥……素一块小饼干🥺❤️
不是大袜子🌚那咋了🙄💅🏻你也是美绝了哈🙄💅🏻我已经难如崩了哈🙄💅🏻妈呀大袜子🙄💅💅你想干啥嘞🙄💅疑似最美伪人哈🙄💅疑似十月对我好一点最新素材流出哈啊啊啊啊宝宝你是一个宝宝，妈妈你是爸爸，特别特别好特别特别萌，笑鼠筒，老公你好敢说，相似，lgdl，妈咪你...，宝宝你，劳斯你，男的禁止上网哈🙄💅💅💅，仙品，厕品，顺如直全都鼠了🙄💅💅💅，老公点了，我服了爸爸已经失去语言能力了的宝宝啊啊，妈咪你也素xx推吗，啊啊啊啊同担狠狠爱了🥺🥺🥺，不好意思拒同担宝宝，你是一个软酥酥的蜂蜜奶油小蛋糕🥺除了我，其他人都是想把你吃掉，离他们远点...好伟大的一张脸，宝宝你好萌...让ee亲亲
致歉#二次元 # 第五人格 #galgame # 千恋万花 #紫餐 # 蓝锁 # 排球 # 我服了爸爸 # 吃谷 # 佐鸣 # le # 米米嘟 # 男的滚 # 自行避雷 # 吧唧 # 申金 # 乙游 # ooc致歉 # 咒术回战 # 女同 #地雷系 #休学 #无机盐 #庞博文 #抑郁症#MBTI #宝宝辅食 #nana#顺直男#误入男频哈臭贝贝🙄💅💅#无人在意哈臭贝贝🌚# 劳斯....泥素.....#顺直♂是这样子的哈💅# 求男的起号教程#求xx训狗教程# 我是个坚强的笨女人#谁敢闻？# 疑似失去了所有力气和手段🌚#我将起诉我爸的举办#求守护哈臭贝贝们🙄💅💅? ?#谁在意你？",[]
249,泼的好，泼的妙，泼的好女孩呱呱叫,[]
250,发生什么了，需要同情,[]
251,哦,[]
253,我都强者了，那还有弱者吗,[]
254,对啊，一点素质没有，油钱都不A,[]
255,3,"['3', '3']"
256,"哈哈,我可没有攻击受害者哦,请把我攻击受害者的言论复制或者截图!","['倒是你,我在同情受害者,你反而攻击我,所以我说你只是想引战一点都没错']"
257,守护最好的江西老表,[]
261,额,[]
262,我错了，别攻击我，我投降，都是那些黄牌们干的，我冤枉啊,[]
263,同情同情Word,[]
266,你让集美们去ghg不就行了?跑来孙吧训🐢了是吧？,[]
267,谁才是弱者,[]
268,捐款截图看看,[]
269,我是弱者，你能v我50吗,[]
270,版本答案不需要对弱者同情，只需要嘲讽弱者，要么让这个弱者自己成为强者，要么他就一直弱下去。靠自己才算真正的强者。,[]
272,傻狗一条，谁弱谁有理？几把毛长齐了吗就来上网,[]
273,ip正确+只同情自己定义的“弱者”,[]
274,江西怎么有空同情别人的，你自己彩礼钱筹齐没,[]
276,哦,[]
261,额,[]
262,我错了，别攻击我，我投降，都是那些黄牌们干的，我冤枉啊,[]
263,同情同情Word,[]
266,你让集美们去ghg不就行了?跑来孙吧训🐢了是吧？,[]
267,谁才是弱者,[]
268,捐款截图看看,[]
269,我是弱者，你能v我50吗,[]
270,版本答案不需要对弱者同情，只需要嘲讽弱者，要么让这个弱者自己成为强者，要么他就一直弱下去。靠自己才算真正的强者。,[]
271,网上那么多靠同情心卖货的，他们是真可怜假可怜都不知道，有些就是靠网友的同情心赚钱的，就那种消费别人同情心的人你不去骂，反而骂那些因为这样放弃同情心的人，你有同情心你做过什么，献过血还是捐过款,[]
272,傻狗一条，谁弱谁有理？几把毛长齐了吗就来上网,[]
273,ip正确+只同情自己定义的“弱者”,[]
274,江西怎么有空同情别人的，你自己彩礼钱筹齐没,[]
276,哦,[]
277,顶,[]
278,你该庆幸我没开着油罐车喝醉了在晚高峰的时候撞别人，如果我不是人的话,[]
279,装妳玛理中客呢，你去和集美发行不行，对她们我没有同情心,[]
280,3,[]
281,3,[]
282,3,[]
283,3,[]
284,3,[]
285,楼主是个什么东西一看便知,[]
286,点击展开，查看完整图片,[]
287,你装尼玛呢,[]
288,具体问题具体分析，总结一个大而无用的观点是对事实的罔顾,[]
289,是的，孙吧过份了，一点同情心都被，同样的案子女的判了3年9个月，这个12年呢，对方还嫌少，深感同情,[]
290,赶紧供克小🍠，那边能跟你共情，全面开战了，你跑来敌方阵营宣传你们阵营的思想？,[]
291,我同情善良的人和自己的朋友，但我并不能确定你所说的弱者是否善良，所以我不同情也不嘲笑,[]
292,那咋了？,[]
293,3,[]
294,对事不对人,[]
296,那咋了,[]
297,所有弱者都要同情？还是说你能分辨出真正的弱者？不了解事件全部经过之前先闭嘴吧，在这装你牛魔理中客呢？,[]
298,你不能只有在某个性别受伤的时候来骂别人没有良心，真是笑嘻了,[]
300,忙里偷闲怎么遇到你这么个纱布，同情心早就被一群弱智消耗完了，你说出这话自己就没想到为啥是吧？,[]
301,一直在同情呀男性这么弱势，我一直是温柔而坚定的支持着,[]
302,3,[]
303,ylg,[]
304,3,[]
305,这版本玩法就是这样，不接受就/remake,[]
306,"蒸馍，你不扶器
不服气去做点啥啊？捐个款？光网上管别人只能满足你那点可笑的虚荣心捏",[]
308,啥闭，没有同情心就不算人了是吧，那国内的资本家全部啥掉就行了，不是人就不受法律保护,[]
311,你玩原神吗？,[]
312,我快饿死了没钱吃法饿了！v我50看看你的同情心,[]
313,准备准备彩礼吧，闲着没事也别犯指导瘾,[]
314,我是无敌向文杰，我没良心,[]
315,3,[]
317,买号仔？,[]
318,那咋了,[]
319,理中客来咯，但是在xxn眼里你还是一条哈巴🐶,[]
320,哦，+3,[]
321,你真同情弱者那就去帮助弱智，而不是在网上敲着键盘道德绑架别人,[]
322,理中客又来了去小红书发那里的集美多说不定能钓到几个,[]
323,3,[]
324,你凭什么定义女性为弱者？你是不是歧视女性？,[]
325,那咋啦,[]
326,你吊炸了,[]
328,是你爹,[]
329,是，该同理。那那些辛苦赚钱给cmg买谷，去演唱会，爆金币的生物爹们不该被同情吗。,[]
331,啥玩意儿,[]
332,怎么，你害怕了？怕自己被油泼面？,['也是，毕竟法抗再高，也改变不了物抗低的事实']
333,孙吧怎么这么多龟龟理中客，都特么的进厕所了，还以为是在米其林高级餐厅呢，跟个若至一样,[]
334,那么理中客就有同情心了？男生泼了盆油就被判了十二年，这么不公平你的同情心在哪里？,[]
336,确实不是人,[]
337,我弱我有理，就因为我弱，所以你们要给我让渡更多利益。现在网上就有这一群不被定义的东西利用这点打O ，去同情她们吧。看你的回复，你只是借着同情来站队，自己定义哪一方是弱势、正义。从这点来说，你连孙吧鼠鼠都不如，我们至少能光明正大支持其中一方，不需要借口,[]
338,3,[]
340,真恶心，最近看到姐妹都在说孙吧 m m恶臭，我特意买了一个10级的号来看看。本来有心理准备，结果一来看真是震惊。怎么这些男的可以这么坏，人的阴暗面可以这么丑陋，太恶心了。看完我真要去洗眼睛，呕,[]
341,肺雾,[]
342,唐如bin,[]
343,可怜之人必有可恨之处,[]
344,所以是什么让孙吧变成这样的呢？,[]
345,事已至此，是非对错我已无心分辨,[]
347,"你说的对，同情弱者是一个人最基本最朴素的情感，问题是如今的女性还算弱者吗？恐怕只嫌弃特权给的不够多吧，为什么一说到彩礼，大家都会想到是南方给♀方的，而不能是入赘的时候，♀方给♂方的？再说婚后，如今的普通老百姓家里，谁是管钱的？谁又是挣钱主力？谁又在控制着支出？
我看过新11条，句句都在说平等，没有谁凌驾谁之上的说法，",[]
349,女性只是体力上的弱者，现在是法治社会，到底谁才是弱者？,[]
350,3,[]
357,那咋了？,[]
358,强者就该羞辱弱者,[]
359,老子就是弱者，来同情老子,[]
361,我也很同情，但是女性是不被定义的，所以我的同情无法被选中，所以我不同情,[]
364,现在网络上大多数能被曝光的案件都会反转，不站队就是最好的站队,[]
365,上个b网还这么高米线，你累不累啊,[]
367,那咋了,[]
